keyword,total_occurrences,primary_occurrences,variant_count,variants_with_scores,sources,notes
tax,32001,31994,3,"taxw(0.67), taxs(0.67), utax(0.67)","curated, clustered",
qty,29933,29897,4,"tqty(0.69), qty2(0.67), qty1(0.67), qtys(0.67)","curated, clustered",
curr,28878,28652,10,"currr(0.81), curr2(0.70), curr1(0.70), curr3(0.70), tcurr(0.70), recurr(0.61), currec(0.61), occurr(0.61), currev(0.60), currnt(0.60)","curated, clustered",
currency,16883,16748,8,"bcurrency(0.77), currency2(0.77), curency(0.70), curreny(0.68), currecy(0.66), currncy(0.66), crrency(0.66), currrency(0.60)","curated, clustered",
total,15976,15660,13,"totalt(0.75), totals(0.73), ftotal(0.73), total1(0.73), total2(0.73), total3(0.73), total0(0.73), total11(0.65), total22(0.65), total33(0.65)","curated, clustered",
inv,13869,13554,10,"einv(0.67), invs(0.67), invo(0.67), invt(0.67), invp(0.67), inv1(0.67), invl(0.67), invc(0.67), inv2(0.67), inv3(0.67)","curated, clustered",
eso,13448,110,9,"resource, resourc(0.89), resources(0.78), resourcerec(0.68), resourceseq(0.67), resorce(0.66), sor(0.61), rso(0.61), sourc(0.59)","curated, clustered",
address,12065,10294,15,"addresss(0.82), address3(0.76), address4(0.76), address5(0.76), address6(0.76), address7(0.76), address8(0.76), address9(0.76), addresses(0.73), adress(0.70)","curated, clustered",
period,11621,10938,27,"iperiod(0.76), periods(0.75), nperiod(0.75), period1(0.75), period2(0.75), periodic(0.68), periodsp(0.68), period11(0.68), periods1(0.67), periods2(0.67)","curated, clustered",
customer,11310,11232,8,"customers(0.78), customer3(0.77), customer6(0.77), customer1(0.77), cutomer(0.66), customerinfo(0.61), customergroup(0.58), cuustomer(0.58)","curated, clustered",
plan,11265,10954,8,"plans(0.71), unplan(0.62), planno(0.62), replan(0.61), explan(0.61), planer(0.61), pln(0.60), payplan(0.58)","curated, clustered",
work,9858,9444,10,"workr(0.73), works(0.71), xwork(0.71), rework(0.62), worker(0.62), worked(0.61), rwo(0.61), inwork(0.61), workin(0.61), wrk(0.60)","curated, clustered",
component,9085,8712,2,"components(0.78), cmponent(0.68)","curated, clustered",
job,8347,8081,4,"bjob(0.69), jobs(0.67), job1(0.67), job2(0.67)","curated, clustered",
pay,8059,7893,5,"payp(0.69), paym(0.67), epay(0.67), payc(0.67), pays(0.67)","curated, clustered",
payment,7743,7395,7,"epayment(0.77), payments(0.76), repayment(0.70), prepayment(0.67), paymet(0.65), paymentlist(0.61), overpayment(0.59)","curated, clustered",
doc,7683,7250,5,"dock(0.67), docs(0.67), docu(0.67), dso(0.61), sod(0.61)","curated, clustered",
comp,7607,7176,17,"ccomp(0.77), compo(0.73), compl(0.71), comps(0.71), compt(0.71), incomp(0.61), pom(0.61), decomp(0.61), compex(0.61), comply(0.61)","curated, clustered",
shipment,7351,7229,5,"shipments(0.78), shipmentid(0.72), shiment(0.66), shipmnt(0.66), sipment(0.66)","curated, clustered",
hours,7261,7190,6,"hours2(0.73), hours1(0.73), hours3(0.73), whours(0.73), ophours(0.66), brkhours(0.58)","curated, clustered",
planned,6662,6480,5,"unplanned(0.70), replanned(0.70), planed(0.70), plannned(0.60), plned(0.60)","curated, clustered",
req,6543,6388,6,"reqs(0.67), freq(0.67), preq(0.67), requ(0.67), reqn(0.67), reqd(0.67)","curated, clustered",
account,6540,6440,8,"accounts(0.76), account2(0.76), accountant(0.70), acount(0.70), accounted(0.69), accountval(0.64), preaccount(0.63), accountable(0.59)","curated, clustered",
person,6448,6167,6,"persons(0.76), personel(0.68), personal(0.67), personid(0.67), peron(0.64), personnel(0.63)","curated, clustered",
rev,6357,6311,4,"revs(0.67), rev2(0.67), rev1(0.67), rever(0.59)","curated, clustered",
dop,6345,6156,4,"dops(0.67), pso(0.61), sop(0.61), pod(0.61)","curated, clustered",
sales,6152,6129,6,"sales3(0.73), sales6(0.73), casales(0.65), oesales(0.65), cosales(0.64), sals(0.62)","curated, clustered",
party,5861,5843,2,"partys(0.73), pary(0.63)","curated, clustered",
ord,5830,5587,5,"word(0.67), pord(0.67), ords(0.67), cord(0.67), ord2(0.67)","curated, clustered",
acc,5691,5658,7,"acct(0.66), acco(0.66), accs(0.66), acc4(0.66), accp(0.66), hacc(0.66), acc3(0.66)","curated, clustered",
due,5356,5355,1,dues(0.67),"curated, clustered",
balance,5316,4891,5,"balances(0.76), balance1(0.76), balanced(0.76), unbalance(0.70), balancerec(0.65)","curated, clustered",
maint,5171,5154,3,"maints(0.73), mait(0.63), maintain(0.61)","curated, clustered",
quantity,4814,4800,4,"nquantity(0.78), quantity2(0.77), fquantity(0.77), quntity(0.66)","curated, clustered",
lot,4656,3764,7,"slot(0.67), lots(0.67), plot(0.67), lote(0.67), clot(0.67), pol(0.61), sol(0.61)","curated, clustered",
revision,4545,4393,6,"revisions(0.78), revision2(0.77), revision1(0.77), revsion(0.68), revison(0.68), newrevision(0.67)","curated, clustered",
amt,4527,4509,2,"amts(0.67), camt(0.67)","curated, clustered",
inventory,4458,4446,4,"inventory2(0.78), ininventory(0.78), noninventory(0.69), inventry(0.67)","curated, clustered",
addr,4351,4206,15,"ddr(0.78), addr1(0.70), addr2(0.70), addr3(0.70), addr4(0.70), addr5(0.70), addrs(0.70), addr6(0.70), addr7(0.70), addr8(0.70)","curated, clustered",
chg,3983,3981,2,"chg1(0.67), qchg(0.67)","curated, clustered",
discount,3962,3827,8,"ddiscount(0.81), discounts(0.78), qdiscount(0.77), discount2(0.77), discounted(0.72), oediscount(0.72), dicount(0.66), discountdate(0.62)","curated, clustered",
ship,3714,3588,5,"shipwip(0.61), shipod(0.61), unship(0.61), shipmt(0.61), oeship(0.61)","curated, clustered",
requisition,3686,2945,10,"requisitions(0.80), prequisition(0.79), requisitioner(0.76), requisitioned(0.75), requisitioners(0.72), requistion(0.69), requisiton(0.69), requsition(0.69), reqisition(0.68), requis(0.64)","curated, clustered",
res,3582,3363,8,"resp(0.67), nres(0.67), resc(0.67), resv(0.67), bres(0.67), res2(0.67), reso(0.67), resps(0.61)","curated, clustered",
schedule,3546,3322,6,"schedules(0.78), scheduler(0.77), reschedule(0.71), unschedule(0.71), schdule(0.68), shedule(0.66)","curated, clustered",
purchase,3503,3464,4,"purchases(0.78), purchaser(0.78), purchased(0.77), purchasetype(0.64)","curated, clustered",
material,3429,3344,4,"materials(0.77), rawmaterial(0.67), materialized(0.62), materialcost(0.61)","curated, clustered",
actual,3370,3251,2,"actuals(0.75), actually(0.68)","curated, clustered",
allowed,3327,3309,4,"allowed2(0.76), allwed(0.65), disallowed(0.64), notallowed(0.64)","curated, clustered",
post,3066,2969,2,"posts(0.73), postal(0.61)","curated, clustered",
vat,2986,2982,1,vat2(0.67),"curated, clustered",
model,2980,2944,7,"modelo(0.75), models(0.73), modelid(0.66), model31(0.64), model32(0.64), model30(0.64), modl(0.63)","curated, clustered",
finish,2872,2483,3,"unfinish(0.68), finished(0.67), notfinish(0.61)","curated, clustered",
document,2754,2679,6,"documento(0.78), documents(0.77), document2(0.77), domdocument(0.72), documnt(0.66), documentation(0.58)","curated, clustered",
bom,2716,2552,2,"sbom(0.67), mso(0.61)","curated, clustered",
tot,2662,2656,3,"tot1(0.66), tot2(0.66), tot3(0.66)","curated, clustered",
dimension,2467,2429,1,dimensions(0.79),"curated, clustered",
percentage,2450,2424,3,"percentages(0.78), acqpercentage(0.70), actrevpercentage(0.60)","curated, clustered",
release,2398,2365,6,"releases(0.77), prelease(0.76), release2(0.76), rerelease(0.76), unrelease(0.68), relase(0.67)","curated, clustered",
act,2345,2291,6,"cact(0.69), actv(0.67), acts(0.67), eact(0.67), acti(0.67), pact(0.67)","curated, clustered",
loc,2296,1758,6,"lock(0.67), locs(0.67), loc2(0.67), loca(0.67), wloc(0.67), cwo(0.61)","curated, clustered",
pur,2270,2254,5,"purp(0.69), pure(0.67), pur1(0.67), pur2(0.67), pur3(0.67)","curated, clustered",
del,2253,2237,3,"delg(0.67), dely(0.67), delv(0.67)","curated, clustered",
eng,2245,2243,1,ceng(0.67),"curated, clustered",
ownership,2204,2171,5,"ownerships(0.79), ownership2(0.78), ownership1(0.78), owners(0.73), ownship(0.62)","curated, clustered",
mrp,2165,1981,5,"pmrp(0.69), msmrp(0.61), pms(0.61), pmr(0.61), spm(0.61)","curated, clustered",
proposal,2153,2032,2,"proposals(0.78), proposals2(0.71)","curated, clustered",
planning,2135,2128,1,planing(0.70),"curated, clustered",
shift,2119,2048,6,"shifts(0.75), shift1(0.73), shift2(0.73), shift3(0.73), shifted(0.64), noshift(0.64)","curated, clustered",
sup,2102,2077,2,"supl(0.67), tsup(0.67)","curated, clustered",
leadtime,2029,1994,4,"leadtimes(0.77), leadtime1(0.77), leadtime2(0.77), leadtimerec(0.66)","curated, clustered",
absence,2004,1989,1,absences(0.77),"curated, clustered",
revenue,1900,1886,2,"revenue1(0.76), revenues(0.76)","curated, clustered",
stock,1881,1878,2,"restock(0.64), stockout(0.59)","curated, clustered",
product,1872,1793,3,"products(0.76), byproduct(0.69), productive(0.63)","curated, clustered",
tag,1858,1760,6,"etag(0.67), tags(0.67), tag1(0.67), tag2(0.67), tag3(0.67), tagat(0.59)","curated, clustered",
cert,1846,1840,3,"pcert(0.71), certi(0.71), crt(0.60)","curated, clustered",
vou,1776,1769,2,"xvou(0.67), vouh(0.67)","curated, clustered",
expense,1756,1705,2,"expenses(0.77), expensed(0.76)","curated, clustered",
conn,1746,1717,4,"conns(0.70), unconn(0.61), connct(0.61), inconn(0.61)","curated, clustered",
buy,1742,1265,1,fbuy(0.67),"curated, clustered",
uom,1735,1725,1,uoms(0.67),"curated, clustered",
parts,1731,1645,8,"partse(0.73), partstr(0.67), noparts(0.64), prts(0.63), pars(0.63), partstat(0.61), partswap(0.59), partseca(0.58)","curated, clustered",
email,1458,1452,2,"emails(0.73), emailed(0.66)","curated, clustered",
allocation,1440,1327,7,"allocations(0.78), allocation2(0.78), reallocation(0.73), deallocation(0.73), alocation(0.70), alloction(0.68), acation(0.59)","curated, clustered",
srv,1428,1407,2,"rsrv(0.69), srvr(0.69)","curated, clustered",
mat,1427,1008,5,"matr(0.67), vmat(0.67), matl(0.67), mate(0.67), mra(0.61)","curated, clustered",
invoiced,1408,1388,4,"invoiced3(0.77), invoiced1(0.77), uninvoiced(0.71), invoiced12(0.70)","curated, clustered",
fam,1333,66,2,"family, subfamily(0.61)","curated, clustered",
rest,1306,1236,2,"rst(0.60), restart(0.58)","curated, clustered",
fee,1297,1241,5,"fee2(0.66), fee1(0.66), feed(0.66), fees(0.66), ufee(0.66)","curated, clustered",
bank,1245,1245,0,,curated,
zone,1208,1136,2,"ozone(0.73), zones(0.71)","curated, clustered",
phase,1188,1118,3,"phases(0.75), phased(0.73), exphase(0.66)","curated, clustered",
book,1143,940,5,"books(0.70), bok(0.68), booked(0.60), rebook(0.60), unbook(0.60)","curated, clustered",
url,1142,1138,1,urls(0.67),"curated, clustered",
received,1121,1098,3,"unreceived(0.70), recived(0.68), receivedtime(0.61)","curated, clustered",
prod,1092,925,3,"prod2(0.71), byprod(0.61), prd(0.60)","curated, clustered",
salary,1054,1054,0,,curated,
scheduling,1020,1009,2,"rescheduling(0.74), scheuling(0.67)","curated, clustered",
crew,995,984,2,"crews(0.71), crw(0.60)","curated, clustered",
postings,992,969,1,prepostings(0.68),"curated, clustered",
emission,962,885,4,"emissions(0.78), emiss(0.70), emis(0.61), emmission(0.58)","curated, clustered",
withheld,917,900,2,"witheld(0.70), withhld(0.66)","curated, clustered",
payee,838,838,0,,curated,
authorizer,838,783,1,authorizers(0.79),"curated, clustered",
acq,808,807,1,acqd(0.67),"curated, clustered",
scheduled,805,762,4,"unscheduled(0.73), rescheduled(0.73), sheduled(0.67), infscheduled(0.67)","curated, clustered",
waiv,804,802,1,cwaiv(0.71),"curated, clustered",
zip,794,794,0,,curated,
machine,788,788,0,,curated,
technical,773,773,0,,curated,
availability,739,727,4,"unavailability(0.74), availablity(0.69), availabilty(0.69), avaiability(0.69)","curated, clustered",
shp,697,697,0,,curated,
statement,690,675,3,"statment(0.68), statemnt(0.68), satement(0.68)","curated, clustered",
serialstr,671,2,3,"serials, serials1(0.76), ials(0.66)","curated, clustered",
picked,653,617,1,unpicked(0.67),"curated, clustered",
mail,646,623,3,"mails(0.71), mil(0.60), mal(0.60)","curated, clustered",
shipped,641,641,0,,curated,
kpi,618,581,2,"kpis(0.67), ckpi(0.67)","curated, clustered",
payer,573,572,1,payers(0.73),"curated, clustered",
lease,570,554,4,"leases(0.75), please(0.73), leased(0.73), lese(0.62)","curated, clustered",
taxable,499,499,0,,curated,
real,497,497,0,,curated,Auto-suggested: similar to 'rental' (score: 0.560)
periods,486,486,0,,curated,Auto-suggested: similar to 'period' (score: 0.748)
com,476,476,0,,curated,Auto-suggested: similar to 'comm' (score: 0.865)
transactions,461,461,0,,curated,Auto-suggested: similar to 'transaction' (score: 0.799)
identity1,443,443,0,,curated,Auto-suggested: similar to 'identity' (score: 0.768)
tran,435,435,0,,curated,Auto-suggested: similar to 'trans' (score: 0.827)
rcode,431,431,0,,curated,Auto-suggested: similar to 'barcode' (score: 0.763)
manu,429,429,0,,curated,Auto-suggested: similar to 'manuf' (score: 0.827)
sal,417,417,0,,curated,Auto-suggested: similar to 'sale' (score: 0.790)
ins,415,415,0,,curated,Auto-suggested: similar to 'inst' (score: 0.790)
remain,414,414,0,,curated,Auto-suggested: similar to 'remaining' (score: 0.746)
address3,414,414,0,,curated,Auto-suggested: similar to 'address' (score: 0.757)
address4,404,404,0,,curated,Auto-suggested: similar to 'address' (score: 0.757)
invoic,399,399,0,,curated,Auto-suggested: similar to 'invoice' (score: 0.866)
address5,383,383,0,,curated,Auto-suggested: similar to 'address' (score: 0.757)
address6,383,383,0,,curated,Auto-suggested: similar to 'address' (score: 0.757)
man,373,373,0,,curated,Auto-suggested: similar to 'manuf' (score: 0.675)
components,372,372,0,,curated,Auto-suggested: similar to 'component' (score: 0.777)
receipts,372,372,0,,curated,Auto-suggested: similar to 'receipt' (score: 0.759)
requisitioner,365,365,0,,curated,Auto-suggested: similar to 'requisition' (score: 0.756)
equip,354,354,0,,curated,Auto-suggested: similar to 'equipment' (score: 0.647)
charges,345,345,0,,curated,Auto-suggested: similar to 'charge' (score: 0.748)
inter,337,337,0,,curated,Auto-suggested: similar to 'interest' (score: 0.715)
assort,337,337,0,,curated,Auto-suggested: similar to 'assortment' (score: 0.698)
tech,334,334,0,,curated,Auto-suggested: similar to 'technical' (score: 0.555)
deliver,329,329,0,,curated,Auto-suggested: similar to 'delivery' (score: 0.879)
two,328,328,0,,clustered,
sow,317,259,1,wos(0.61),clustered,
edit,305,305,0,,curated,Auto-suggested: similar to 'credit' (score: 0.727)
connections,297,297,0,,curated,Auto-suggested: similar to 'connection' (score: 0.781)
serv,289,289,0,,curated,Auto-suggested: similar to 'service' (score: 0.662)
mtr,278,278,0,,curated,Auto-suggested: similar to 'mtrl' (score: 0.790)
requis,277,277,0,,curated,Auto-suggested: similar to 'requisition' (score: 0.644)
invoices,271,271,0,,curated,Auto-suggested: similar to 'invoice' (score: 0.759)
contr,262,262,0,,curated,Auto-suggested: similar to 'contract' (score: 0.715)
accnt,261,261,0,,curated,Auto-suggested: similar to 'account' (score: 0.580)
prj,260,260,0,,curated,Auto-suggested: similar to 'proj' (score: 0.602)
install,259,259,0,,curated,Auto-suggested: similar to 'installment' (score: 0.715)
amnt,259,259,0,,curated,Auto-suggested: similar to 'amount' (score: 0.560)
einvoice,259,259,0,,curated,Auto-suggested: similar to 'invoice' (score: 0.774)
reservations,252,252,0,,curated,Auto-suggested: similar to 'reservation' (score: 0.799)
ent,247,247,0,,curated,Auto-suggested: similar to 'invent' (score: 0.605)
lab,243,243,0,,curated,Auto-suggested: similar to 'labor' (score: 0.675)
shpmnt,242,241,1,hpm(0.61),"curated, clustered",Auto-suggested: similar to 'shipment' (score: 0.552)
bud,232,232,0,,curated,Auto-suggested: similar to 'budget' (score: 0.595)
art,230,230,0,,curated,Auto-suggested: similar to 'part' (score: 0.790)
cut,229,229,0,,curated,Auto-suggested: similar to 'cust' (score: 0.602)
serie,227,227,0,,curated,Auto-suggested: similar to 'service' (score: 0.551)
age,226,226,0,,curated,Auto-suggested: similar to 'wage' (score: 0.790)
charged,225,225,0,,curated,Auto-suggested: similar to 'charge' (score: 0.748)
perc,213,213,0,,curated,Auto-suggested: similar to 'percent' (score: 0.662)
demands,210,210,0,,curated,Auto-suggested: similar to 'demand' (score: 0.746)
vouchers,202,202,0,,curated,Auto-suggested: similar to 'voucher' (score: 0.761)
require,192,192,0,,curated,Auto-suggested: similar to 'required' (score: 0.877)
quot,192,192,0,,curated,Auto-suggested: similar to 'quote' (score: 0.827)
lice,190,190,0,,curated,Auto-suggested: similar to 'license' (score: 0.691)
prices,187,187,0,,curated,Auto-suggested: similar to 'price' (score: 0.731)
cus,185,185,0,,curated,Auto-suggested: similar to 'cust' (score: 0.790)
balances,180,180,0,,curated,Auto-suggested: similar to 'balance' (score: 0.759)
dem,179,179,0,,curated,Auto-suggested: similar to 'demand' (score: 0.605)
payments,176,176,0,,curated,Auto-suggested: similar to 'payment' (score: 0.761)
reserv,175,175,0,,curated,Auto-suggested: similar to 'reserved' (score: 0.795)
struc,174,174,0,,curated,Auto-suggested: similar to 'structure' (score: 0.668)
deb,174,174,0,,curated,Auto-suggested: similar to 'debet' (score: 0.690)
totals,172,172,0,,curated,Auto-suggested: similar to 'total' (score: 0.728)
resources,168,168,0,,curated,Auto-suggested: similar to 'resource' (score: 0.782)
ial,164,164,0,,curated,Auto-suggested: similar to 'serial' (score: 0.595)
hand,157,157,0,,curated,Auto-suggested: similar to 'onhand' (score: 0.740)
poc,156,138,2,"cop, cpo(0.61)","curated, clustered",
projects,153,153,0,,curated,Auto-suggested: similar to 'project' (score: 0.761)
cmp,153,153,0,,curated,Auto-suggested: similar to 'comp' (score: 0.602)
transf,146,146,0,,curated,Auto-suggested: similar to 'transfer' (score: 0.800)
anal,145,145,0,,curated,Auto-suggested: similar to 'analysis' (score: 0.595)
employees,141,141,0,,curated,Auto-suggested: similar to 'employee' (score: 0.768)
tsk,140,140,0,,curated,Auto-suggested: similar to 'task' (score: 0.602)
red,140,140,0,,curated,Auto-suggested: similar to 'required' (score: 0.552)
licensed,140,140,0,,curated,Auto-suggested: similar to 'license' (score: 0.759)
installments,138,138,0,,curated,Auto-suggested: similar to 'installment' (score: 0.799)
right,133,133,0,,curated,Auto-suggested: similar to 'freight' (score: 0.556)
planed,131,131,0,,curated,Auto-suggested: similar to 'planned' (score: 0.697)
balance1,129,129,0,,curated,Auto-suggested: similar to 'balance' (score: 0.759)
liab,124,124,0,,curated,Auto-suggested: similar to 'liability' (score: 0.571)
pro,120,120,0,,curated,Auto-suggested: similar to 'proj' (score: 0.790)
proposals,120,120,0,,curated,Auto-suggested: similar to 'proposal' (score: 0.782)
schedules,118,118,0,,curated,Auto-suggested: similar to 'schedule' (score: 0.782)
actuals,117,117,0,,curated,Auto-suggested: similar to 'actual' (score: 0.746)
debt,111,111,0,,curated,Auto-suggested: similar to 'debet' (score: 0.647)
skills,108,108,0,,curated,Auto-suggested: similar to 'skill' (score: 0.748)
revisions,108,108,0,,curated,Auto-suggested: similar to 'revision' (score: 0.782)
alter,107,107,0,,curated,Auto-suggested: similar to 'alternative' (score: 0.575)
pln,106,106,0,,curated,Auto-suggested: similar to 'plan' (score: 0.602)
capa,102,102,0,,curated,Auto-suggested: similar to 'capacity' (score: 0.595)
shipments,102,102,0,,curated,Auto-suggested: similar to 'shipment' (score: 0.782)
ass,100,100,0,,curated,Auto-suggested: similar to 'asset' (score: 0.665)
sen,99,99,0,,curated,Auto-suggested: similar to 'sender' (score: 0.605)
cred,99,99,0,,curated,Auto-suggested: similar to 'credit' (score: 0.727)
wrk,98,98,0,,curated,Auto-suggested: similar to 'work' (score: 0.602)
ppm,98,72,1,pmp(0.64),clustered,
mand,96,96,0,,curated,Auto-suggested: similar to 'demand' (score: 0.740)
rou,95,95,0,,curated,Auto-suggested: similar to 'route' (score: 0.675)
led,95,95,0,,curated,Auto-suggested: similar to 'ledg' (score: 0.790)
allocations,95,95,0,,curated,Auto-suggested: similar to 'allocation' (score: 0.782)
amount2,95,95,0,,curated,Auto-suggested: similar to 'amount' (score: 0.748)
character,94,94,0,,curated,Auto-suggested: similar to 'characteristic' (score: 0.719)
won,87,87,0,,clustered,
empl,85,85,0,,curated,Auto-suggested: similar to 'employee' (score: 0.612)
services,85,85,0,,curated,Auto-suggested: similar to 'service' (score: 0.774)
rent,84,84,0,,curated,Auto-suggested: similar to 'rental' (score: 0.727)
crit,83,83,0,,curated,Auto-suggested: similar to 'credit' (score: 0.560)
identity2,83,83,0,,curated,Auto-suggested: similar to 'identity' (score: 0.768)
tem,79,79,0,,curated,Auto-suggested: similar to 'item' (score: 0.790)
warr,79,79,0,,curated,Auto-suggested: similar to 'warranty' (score: 0.595)
contacts,78,78,0,,curated,Auto-suggested: similar to 'contact' (score: 0.757)
pid,78,78,0,,curated,Auto-suggested: similar to 'paid' (score: 0.602)
ren,77,77,0,,curated,Auto-suggested: similar to 'rental' (score: 0.595)
agree,77,77,0,,curated,Auto-suggested: similar to 'agreement' (score: 0.641)
materials,77,77,0,,curated,Auto-suggested: similar to 'material' (score: 0.770)
suppliers,77,77,0,,curated,Auto-suggested: similar to 'supplier' (score: 0.782)
identity3,75,75,0,,curated,Auto-suggested: similar to 'identity' (score: 0.768)
shed,74,74,0,,curated,Auto-suggested: similar to 'sched' (score: 0.627)
lin,70,70,0,,curated,Auto-suggested: similar to 'line' (score: 0.790)
accounts,70,70,0,,curated,Auto-suggested: similar to 'account' (score: 0.759)
soo,70,70,0,,clustered,
identity4,69,69,0,,curated,Auto-suggested: similar to 'identity' (score: 0.768)
iss,68,68,0,,curated,Auto-suggested: similar to 'issued' (score: 0.585)
persons,68,68,0,,curated,Auto-suggested: similar to 'person' (score: 0.763)
documents,66,66,0,,curated,Auto-suggested: similar to 'document' (score: 0.771)
phased,66,66,0,,curated,Auto-suggested: similar to 'phase' (score: 0.731)
contracts,65,65,0,,curated,Auto-suggested: similar to 'contract' (score: 0.768)
customers,64,64,0,,curated,Auto-suggested: similar to 'customer' (score: 0.782)
fax,64,64,0,,clustered,
reb,63,63,0,,curated,Auto-suggested: similar to 'rebate' (score: 0.605)
cast,62,62,0,,curated,Auto-suggested: similar to 'forecast' (score: 0.595)
shifts,62,62,0,,curated,Auto-suggested: similar to 'shift' (score: 0.748)
itm,61,61,0,,curated,Auto-suggested: similar to 'item' (score: 0.602)
cst,61,61,0,,curated,Auto-suggested: similar to 'cost' (score: 0.602)
counting,60,60,0,,curated,Auto-suggested: similar to 'accounting' (score: 0.834)
routings,60,60,0,,curated,Auto-suggested: similar to 'routing' (score: 0.761)
codeparts,59,59,0,,curated,Auto-suggested: similar to 'codepart' (score: 0.771)
discounts,59,59,0,,curated,Auto-suggested: similar to 'discount' (score: 0.782)
ident,59,59,0,,curated,Auto-suggested: similar to 'identity' (score: 0.715)
authorizers,55,55,0,,curated,Auto-suggested: similar to 'authorizer' (score: 0.785)
forcast,54,54,0,,curated,Auto-suggested: similar to 'forecast' (score: 0.662)
ftotal,54,54,0,,curated,Auto-suggested: similar to 'total' (score: 0.728)
unt,53,53,0,,curated,Auto-suggested: similar to 'amount' (score: 0.595)
pat,53,53,0,,curated,Auto-suggested: similar to 'part' (score: 0.602)
fcharge,51,51,0,,curated,Auto-suggested: similar to 'charge' (score: 0.748)
ledgers,51,51,0,,curated,Auto-suggested: similar to 'ledger' (score: 0.746)
house,50,50,0,,curated,Auto-suggested: similar to 'warehouse' (score: 0.647)
prim,50,50,0,,curated,Auto-suggested: similar to 'primary' (score: 0.662)
poi,50,50,0,,clustered,
activ,49,49,0,,curated,Auto-suggested: similar to 'activity' (score: 0.715)
transp,49,49,0,,curated,Auto-suggested: similar to 'transport' (score: 0.746)
emissions,49,49,0,,curated,Auto-suggested: similar to 'emission' (score: 0.782)
licenses,47,47,0,,curated,Auto-suggested: similar to 'license' (score: 0.774)
expenses,45,45,0,,curated,Auto-suggested: similar to 'expense' (score: 0.774)
structures,45,45,0,,curated,Auto-suggested: similar to 'structure' (score: 0.789)
requisitions,44,44,0,,curated,Auto-suggested: similar to 'requisition' (score: 0.799)
tail,43,43,0,,curated,Auto-suggested: similar to 'detail' (score: 0.727)
pad,43,43,0,,curated,Auto-suggested: similar to 'paid' (score: 0.602)
flights,42,42,0,,curated,Auto-suggested: similar to 'flight' (score: 0.748)
native,41,41,0,,curated,Auto-suggested: similar to 'alternative' (score: 0.652)
vol,41,41,0,,curated,Auto-suggested: similar to 'volume' (score: 0.595)
agreements,41,41,0,,curated,Auto-suggested: similar to 'agreement' (score: 0.777)
amount1,41,41,0,,curated,Auto-suggested: similar to 'amount' (score: 0.748)
gmr,41,41,0,,clustered,
suppl,40,40,0,,curated,Auto-suggested: similar to 'supply' (score: 0.848)
pic,40,40,0,,curated,Auto-suggested: similar to 'pick' (score: 0.790)
barcd,40,40,0,,curated,Auto-suggested: similar to 'barcode' (score: 0.556)
forecasts,39,39,0,,curated,Auto-suggested: similar to 'forecast' (score: 0.782)
manage,38,38,0,,curated,Auto-suggested: similar to 'manager' (score: 0.866)
dimensions,38,38,0,,curated,Auto-suggested: similar to 'dimension' (score: 0.789)
cit,37,37,0,,curated,Auto-suggested: similar to 'city' (score: 0.790)
prt,36,36,0,,curated,Auto-suggested: similar to 'part' (score: 0.602)
warehouses,36,36,0,,curated,Auto-suggested: similar to 'warehouse' (score: 0.789)
adr,36,36,0,,curated,Auto-suggested: similar to 'addr' (score: 0.677)
agrmnt,36,36,0,,curated,Auto-suggested: similar to 'agreement' (score: 0.557)
journal1,36,36,0,,curated,Auto-suggested: similar to 'journal' (score: 0.761)
mov,35,35,0,,curated,Auto-suggested: similar to 'move' (score: 0.790)
fis,35,35,0,,curated,Auto-suggested: similar to 'fiscal' (score: 0.595)
purchased,34,34,0,,curated,Auto-suggested: similar to 'purchase' (score: 0.771)
recpt,34,34,0,,curated,Auto-suggested: similar to 'receipt' (score: 0.596)
prd,34,34,0,,curated,Auto-suggested: similar to 'prod' (score: 0.602)
upo,34,34,0,,clustered,
ifa,33,33,0,,clustered,
ans,32,32,0,,curated,Auto-suggested: similar to 'trans' (score: 0.675)
products,32,32,0,,curated,Auto-suggested: similar to 'product' (score: 0.761)
qmr,32,27,1,mrq(0.61),clustered,
port,31,31,0,,curated,Auto-suggested: similar to 'export' (score: 0.727)
eight,31,31,0,,curated,Auto-suggested: similar to 'freight' (score: 0.763)
characters,31,31,0,,curated,Auto-suggested: similar to 'characteristic' (score: 0.586)
unscheduled,31,31,0,,curated,Auto-suggested: similar to 'scheduled' (score: 0.726)
vouch,30,30,0,,curated,Auto-suggested: similar to 'voucher' (score: 0.763)
analys,30,30,0,,curated,Auto-suggested: similar to 'analysis' (score: 0.823)
price1,30,30,0,,curated,Auto-suggested: similar to 'price' (score: 0.731)
balanced,29,29,0,,curated,Auto-suggested: similar to 'balance' (score: 0.759)
accountings,28,28,0,,curated,Auto-suggested: similar to 'accounting' (score: 0.784)
liablty,28,28,0,,curated,Auto-suggested: similar to 'liability' (score: 0.616)
characteristics,27,27,0,,curated,Auto-suggested: similar to 'characteristic' (score: 0.810)
leadtimes,26,26,0,,curated,Auto-suggested: similar to 'leadtime' (score: 0.770)
uforecast,26,26,0,,curated,Auto-suggested: similar to 'forecast' (score: 0.771)
journal2,26,26,0,,curated,Auto-suggested: similar to 'journal' (score: 0.761)
reservat,25,25,0,,curated,Auto-suggested: similar to 'reservation' (score: 0.767)
icount,25,25,0,,curated,Auto-suggested: similar to 'discount' (score: 0.577)
models,25,25,0,,curated,Auto-suggested: similar to 'model' (score: 0.731)
reliability,25,25,0,,curated,Auto-suggested: similar to 'liability' (score: 0.713)
rceipt,25,25,0,,curated,Auto-suggested: similar to 'receipt' (score: 0.668)
onh,25,25,0,,curated,Auto-suggested: similar to 'onhand' (score: 0.605)
appr,24,24,0,,curated,Auto-suggested: similar to 'approved' (score: 0.588)
requisitioned,24,24,0,,curated,Auto-suggested: similar to 'requisition' (score: 0.746)
emiss,24,24,0,,curated,Auto-suggested: similar to 'emission' (score: 0.699)
transfers,23,23,0,,curated,Auto-suggested: similar to 'transfer' (score: 0.782)
rtrans,23,23,0,,curated,Auto-suggested: similar to 'trans' (score: 0.748)
hours2,22,22,0,,curated,Auto-suggested: similar to 'hours' (score: 0.731)
hours1,22,22,0,,curated,Auto-suggested: similar to 'hours' (score: 0.731)
accouting,22,22,0,,curated,Auto-suggested: similar to 'accounting' (score: 0.684)
budg,21,21,0,,curated,Auto-suggested: similar to 'budget' (score: 0.727)
adress,21,21,0,,curated,Auto-suggested: similar to 'address' (score: 0.697)
opportun,21,21,0,,curated,Auto-suggested: similar to 'opportunity' (score: 0.775)
tra,20,20,0,,curated,Auto-suggested: similar to 'trans' (score: 0.675)
duratn,20,20,0,,curated,Auto-suggested: similar to 'duration' (score: 0.602)
hours3,20,20,0,,curated,Auto-suggested: similar to 'hours' (score: 0.731)
estimates,20,20,0,,curated,Auto-suggested: similar to 'estimate' (score: 0.782)
author,20,20,0,,curated,Auto-suggested: similar to 'authorize' (score: 0.727)
codep,19,19,0,,curated,Auto-suggested: similar to 'codepart' (score: 0.695)
tstamp,19,19,0,,curated,Auto-suggested: similar to 'stamp' (score: 0.748)
contrct,19,19,0,,curated,Auto-suggested: similar to 'contract' (score: 0.658)
bet,19,19,0,,curated,Auto-suggested: similar to 'debet' (score: 0.690)
iden,18,18,0,,curated,Auto-suggested: similar to 'identity' (score: 0.612)
fstamp,18,18,0,,curated,Auto-suggested: similar to 'stamp' (score: 0.731)
scrp,18,18,0,,curated,Auto-suggested: similar to 'scrap' (score: 0.627)
journal3,18,18,0,,curated,Auto-suggested: similar to 'journal' (score: 0.761)
pop,18,18,0,,clustered,
busine,17,17,0,,curated,Auto-suggested: similar to 'business' (score: 0.815)
ant,17,17,0,,curated,Auto-suggested: similar to 'plant' (score: 0.675)
schd,17,17,0,,curated,Auto-suggested: similar to 'sched' (score: 0.627)
ran,17,17,0,,curated,Auto-suggested: similar to 'trans' (score: 0.555)
prs,17,17,0,,curated,Auto-suggested: similar to 'pers' (score: 0.602)
light,17,17,0,,curated,Auto-suggested: similar to 'flight' (score: 0.851)
epayment,17,17,0,,curated,Auto-suggested: similar to 'payment' (score: 0.774)
intrst,17,17,0,,curated,Auto-suggested: similar to 'interest' (score: 0.585)
receip,16,16,0,,curated,Auto-suggested: similar to 'receipt' (score: 0.866)
oforecast,16,16,0,,curated,Auto-suggested: similar to 'forecast' (score: 0.782)
assmbly,16,16,0,,curated,Auto-suggested: similar to 'assembly' (score: 0.661)
ary,15,15,0,,curated,Auto-suggested: similar to 'diary' (score: 0.675)
schdule,15,15,0,,curated,Auto-suggested: similar to 'schedule' (score: 0.675)
avalable,15,15,0,,curated,Auto-suggested: similar to 'available' (score: 0.663)
trns,15,15,0,,curated,Auto-suggested: similar to 'trans' (score: 0.627)
prts,15,15,0,,curated,Auto-suggested: similar to 'parts' (score: 0.627)
routes,15,15,0,,curated,Auto-suggested: similar to 'route' (score: 0.731)
absences,15,15,0,,curated,Auto-suggested: similar to 'absence' (score: 0.774)
priced,15,15,0,,curated,Auto-suggested: similar to 'price' (score: 0.731)
bcurrency,15,15,0,,curated,Auto-suggested: similar to 'currency' (score: 0.768)
wop,15,10,2,"pow(0.61), pwo(0.61)",clustered,
bat,14,14,0,,curated,Auto-suggested: similar to 'batch' (score: 0.675)
cas,14,14,0,,curated,Auto-suggested: similar to 'cash' (score: 0.790)
reser,14,14,0,,curated,Auto-suggested: similar to 'reserved' (score: 0.692)
serl,14,14,0,,curated,Auto-suggested: similar to 'serial' (score: 0.560)
samp,14,14,0,,curated,Auto-suggested: similar to 'stamp' (score: 0.627)
whouse,14,14,0,,curated,Auto-suggested: similar to 'warehouse' (score: 0.568)
managers,14,14,0,,curated,Auto-suggested: similar to 'manager' (score: 0.759)
cos,13,13,0,,curated,Auto-suggested: similar to 'cost' (score: 0.790)
tas,13,13,0,,curated,Auto-suggested: similar to 'task' (score: 0.790)
fore,13,13,0,,curated,Auto-suggested: similar to 'forecast' (score: 0.595)
lable,13,13,0,,curated,Auto-suggested: similar to 'available' (score: 0.651)
ill,13,13,0,,curated,Auto-suggested: similar to 'skill' (score: 0.665)
stru,13,13,0,,curated,Auto-suggested: similar to 'structure' (score: 0.571)
scontract,13,13,0,,curated,Auto-suggested: similar to 'contract' (score: 0.768)
accting,13,13,0,,curated,Auto-suggested: similar to 'accounting' (score: 0.582)
iar,13,13,0,,curated,Auto-suggested: similar to 'diary' (score: 0.555)
sta,13,13,0,,curated,Auto-suggested: similar to 'stamp' (score: 0.675)
assortments,13,13,0,,curated,Auto-suggested: similar to 'assortment' (score: 0.795)
ownship,13,13,0,,curated,Auto-suggested: similar to 'ownership' (score: 0.616)
transl,13,13,0,,curated,Auto-suggested: similar to 'trans' (score: 0.731)
iperiod,13,13,0,,curated,Auto-suggested: similar to 'period' (score: 0.763)
quoted,12,12,0,,curated,Auto-suggested: similar to 'quote' (score: 0.731)
isued,12,12,0,,curated,Auto-suggested: similar to 'issued' (score: 0.693)
revenue1,12,12,0,,curated,Auto-suggested: similar to 'revenue' (score: 0.757)
leg,12,12,0,,curated,Auto-suggested: similar to 'ledg' (score: 0.602)
mil,12,12,0,,curated,Auto-suggested: similar to 'mail' (score: 0.602)
remainig,12,12,0,,curated,Auto-suggested: similar to 'remaining' (score: 0.680)
capac,12,12,0,,curated,Auto-suggested: similar to 'capacity' (score: 0.682)
prequisition,12,12,0,,curated,Auto-suggested: similar to 'requisition' (score: 0.789)
charac,12,12,0,,curated,Auto-suggested: similar to 'characteristic' (score: 0.557)
bcode,12,12,0,,curated,Auto-suggested: similar to 'barcode' (score: 0.584)
withhld,12,12,0,,curated,Auto-suggested: similar to 'withheld' (score: 0.661)
credits,12,12,0,,curated,Auto-suggested: similar to 'credit' (score: 0.748)
structured,12,12,0,,curated,Auto-suggested: similar to 'structure' (score: 0.775)
transactional,12,12,0,,curated,Auto-suggested: similar to 'transaction' (score: 0.745)
actvity,11,11,0,,curated,Auto-suggested: similar to 'activity' (score: 0.675)
csh,11,11,0,,curated,Auto-suggested: similar to 'cash' (score: 0.602)
acount,11,11,0,,curated,Auto-suggested: similar to 'account' (score: 0.697)
partys,11,11,0,,curated,Auto-suggested: similar to 'party' (score: 0.731)
gros,11,11,0,,curated,Auto-suggested: similar to 'gross' (score: 0.887)
manf,11,11,0,,curated,Auto-suggested: similar to 'manuf' (score: 0.627)
transi,11,11,0,,curated,Auto-suggested: similar to 'trans' (score: 0.731)
assets,11,11,0,,curated,Auto-suggested: similar to 'asset' (score: 0.748)
senders,11,11,0,,curated,Auto-suggested: similar to 'sender' (score: 0.763)
dmr,11,11,0,,clustered,
avilable,10,10,0,,curated,Auto-suggested: similar to 'available' (score: 0.680)
rescheduling,10,10,0,,curated,Auto-suggested: similar to 'scheduling' (score: 0.739)
vend,10,10,0,,curated,Auto-suggested: similar to 'vendor' (score: 0.727)
curreny,10,10,0,,curated,Auto-suggested: similar to 'currency' (score: 0.675)
owners,10,10,0,,curated,Auto-suggested: similar to 'ownership' (score: 0.727)
journal4,10,10,0,,curated,Auto-suggested: similar to 'journal' (score: 0.761)
very,9,9,0,,curated,Auto-suggested: similar to 'delivery' (score: 0.602)
gro,9,9,0,,curated,Auto-suggested: similar to 'gross' (score: 0.690)
allo,9,9,0,,curated,Auto-suggested: similar to 'alloc' (score: 0.822)
rece,9,9,0,,curated,Auto-suggested: similar to 'receive' (score: 0.684)
inven,9,9,0,,curated,Auto-suggested: similar to 'invent' (score: 0.848)
alocation,9,9,0,,curated,Auto-suggested: similar to 'allocation' (score: 0.704)
discon,9,9,0,,curated,Auto-suggested: similar to 'discount' (score: 0.577)
seal,9,9,0,,curated,Auto-suggested: similar to 'serial' (score: 0.560)
shiment,9,9,0,,curated,Auto-suggested: similar to 'shipment' (score: 0.662)
receiv,9,9,0,,curated,Auto-suggested: similar to 'receive' (score: 0.883)
rentals,9,9,0,,curated,Auto-suggested: similar to 'rental' (score: 0.748)
amunt,9,9,0,,curated,Auto-suggested: similar to 'amount' (score: 0.643)
resorce,9,9,0,,curated,Auto-suggested: similar to 'resource' (score: 0.658)
acounting,9,9,0,,curated,Auto-suggested: similar to 'accounting' (score: 0.704)
mwo,9,9,0,,clustered,
accu,8,8,0,,curated,Auto-suggested: similar to 'accum' (score: 0.822)
tin,8,8,0,,curated,Auto-suggested: similar to 'gtin' (score: 0.790)
contrat,8,8,0,,curated,Auto-suggested: similar to 'contract' (score: 0.675)
licen,8,8,0,,curated,Auto-suggested: similar to 'license' (score: 0.775)
scheds,8,8,0,,curated,Auto-suggested: similar to 'sched' (score: 0.748)
rst,8,8,0,,curated,Auto-suggested: similar to 'rest' (score: 0.602)
seris,8,8,0,,curated,Auto-suggested: similar to 'serials' (score: 0.580)
amount3,8,8,0,,curated,Auto-suggested: similar to 'amount' (score: 0.748)
quotations,8,8,0,,curated,Auto-suggested: similar to 'quotation' (score: 0.777)
scr,8,8,0,,curated,Auto-suggested: similar to 'scrap' (score: 0.675)
allocs,8,8,0,,curated,Auto-suggested: similar to 'alloc' (score: 0.728)
trasfer,8,8,0,,curated,Auto-suggested: similar to 'transfer' (score: 0.661)
arrivals,8,8,0,,curated,Auto-suggested: similar to 'arrival' (score: 0.757)
avaiable,8,8,0,,curated,Auto-suggested: similar to 'available' (score: 0.680)
allwed,8,8,0,,curated,Auto-suggested: similar to 'allowed' (score: 0.652)
resevation,8,8,0,,curated,Auto-suggested: similar to 'reservation' (score: 0.688)
stm,7,7,0,,curated,Auto-suggested: similar to 'stmt' (score: 0.815)
jour,7,7,0,,curated,Auto-suggested: similar to 'journal' (score: 0.652)
calendars,7,7,0,,curated,Auto-suggested: similar to 'calendar' (score: 0.770)
statment,7,7,0,,curated,Auto-suggested: similar to 'statement' (score: 0.680)
planing,7,7,0,,curated,Auto-suggested: similar to 'planning' (score: 0.700)
budgets,7,7,0,,curated,Auto-suggested: similar to 'budget' (score: 0.748)
alternatives,7,7,0,,curated,Auto-suggested: similar to 'alternative' (score: 0.788)
curency,7,7,0,,curated,Auto-suggested: similar to 'currency' (score: 0.700)
total1,7,7,0,,curated,Auto-suggested: similar to 'total' (score: 0.728)
total2,7,7,0,,curated,Auto-suggested: similar to 'total' (score: 0.728)
total3,7,7,0,,curated,Auto-suggested: similar to 'total' (score: 0.728)
unauthorize,7,7,0,,curated,Auto-suggested: similar to 'authorize' (score: 0.728)
shipmnt,7,7,0,,curated,Auto-suggested: similar to 'shipment' (score: 0.662)
please,7,7,0,,curated,Auto-suggested: similar to 'lease' (score: 0.728)
contactp,7,7,0,,curated,Auto-suggested: similar to 'contact' (score: 0.757)
sevice,7,7,0,,curated,Auto-suggested: similar to 'service' (score: 0.652)
avil,7,7,0,,curated,Auto-suggested: similar to 'avail' (score: 0.647)
availablity,7,7,0,,curated,Auto-suggested: similar to 'availability' (score: 0.690)
statemnt,7,7,0,,curated,Auto-suggested: similar to 'statement' (score: 0.680)
altern,7,7,0,,curated,Auto-suggested: similar to 'alternative' (score: 0.652)
nperiod,7,7,0,,curated,Auto-suggested: similar to 'period' (score: 0.748)
catalogs,7,7,0,,curated,Auto-suggested: similar to 'catalog' (score: 0.759)
rde,7,7,0,,curated,Auto-suggested: similar to 'order' (score: 0.570)
pary,7,7,0,,curated,Auto-suggested: similar to 'party' (score: 0.627)
far,7,7,0,,clustered,
nam,6,6,0,,curated,Auto-suggested: similar to 'name' (score: 0.790)
pes,6,6,0,,curated,Auto-suggested: similar to 'pers' (score: 0.602)
compet,6,6,0,,curated,Auto-suggested: similar to 'competency' (score: 0.690)
manda,6,6,0,,curated,Auto-suggested: similar to 'mandatory' (score: 0.634)
capaity,6,6,0,,curated,Auto-suggested: similar to 'capacity' (score: 0.675)
requistion,6,6,0,,curated,Auto-suggested: similar to 'requisition' (score: 0.688)
transfr,6,6,0,,curated,Auto-suggested: similar to 'transfer' (score: 0.661)
partse,6,6,0,,curated,Auto-suggested: similar to 'parts' (score: 0.731)
total0,6,6,0,,curated,Auto-suggested: similar to 'total' (score: 0.728)
suppler,6,6,0,,curated,Auto-suggested: similar to 'supplier' (score: 0.661)
agreementid,6,6,0,,curated,Auto-suggested: similar to 'agreement' (score: 0.716)
demad,6,6,0,,curated,Auto-suggested: similar to 'demand' (score: 0.639)
rescheduled,6,6,0,,curated,Auto-suggested: similar to 'scheduled' (score: 0.726)
analy,6,6,0,,curated,Auto-suggested: similar to 'analysis' (score: 0.699)
address7,6,6,0,,curated,Auto-suggested: similar to 'address' (score: 0.757)
address8,6,6,0,,curated,Auto-suggested: similar to 'address' (score: 0.757)
address9,6,6,0,,curated,Auto-suggested: similar to 'address' (score: 0.757)
buyers,6,6,0,,curated,Auto-suggested: similar to 'buyer' (score: 0.731)
inventory2,6,6,0,,curated,Auto-suggested: similar to 'inventory' (score: 0.778)
invoice2,6,6,0,,curated,Auto-suggested: similar to 'invoice' (score: 0.759)
currency2,6,6,0,,curated,Auto-suggested: similar to 'currency' (score: 0.768)
compete,6,6,0,,curated,Auto-suggested: similar to 'competency' (score: 0.757)
toal,6,6,0,,curated,Auto-suggested: similar to 'total' (score: 0.647)
asse,6,6,0,,curated,Auto-suggested: similar to 'asset' (score: 0.822)
sourc,6,6,0,,curated,Auto-suggested: similar to 'resource' (score: 0.590)
ndetail,6,6,0,,curated,Auto-suggested: similar to 'detail' (score: 0.748)
expensed,6,6,0,,curated,Auto-suggested: similar to 'expense' (score: 0.757)
amo,6,6,0,,curated,Auto-suggested: similar to 'amount' (score: 0.595)
volume1,6,6,0,,curated,Auto-suggested: similar to 'volume' (score: 0.748)
mmr,6,6,0,,clustered,
soa,6,3,1,aso(0.61),clustered,
pri,5,5,0,,curated,Auto-suggested: similar to 'price' (score: 0.675)
amp,5,5,0,,curated,Auto-suggested: similar to 'stamp' (score: 0.675)
ability,5,5,0,,curated,Auto-suggested: similar to 'liability' (score: 0.833)
inve,5,5,0,,curated,Auto-suggested: similar to 'invent' (score: 0.740)
instal,5,5,0,,curated,Auto-suggested: similar to 'installment' (score: 0.652)
reqisition,5,5,0,,curated,Auto-suggested: similar to 'requisition' (score: 0.676)
shedule,5,5,0,,curated,Auto-suggested: similar to 'schedule' (score: 0.661)
scheduler,5,5,0,,curated,Auto-suggested: similar to 'schedule' (score: 0.770)
unavailable,5,5,0,,curated,Auto-suggested: similar to 'available' (score: 0.713)
percentages,5,5,0,,curated,Auto-suggested: similar to 'percentage' (score: 0.784)
requird,5,5,0,,curated,Auto-suggested: similar to 'required' (score: 0.675)
period1,5,5,0,,curated,Auto-suggested: similar to 'period' (score: 0.748)
recipt,5,5,0,,curated,Auto-suggested: similar to 'receipt' (score: 0.668)
supplier2,5,5,0,,curated,Auto-suggested: similar to 'supplier' (score: 0.770)
suplier,5,5,0,,curated,Auto-suggested: similar to 'supplier' (score: 0.700)
sply,5,5,0,,curated,Auto-suggested: similar to 'supply' (score: 0.573)
nquantity,5,5,0,,curated,Auto-suggested: similar to 'quantity' (score: 0.782)
pars,5,5,0,,curated,Auto-suggested: similar to 'parts' (score: 0.627)
conract,5,5,0,,curated,Auto-suggested: similar to 'contract' (score: 0.675)
installm,5,5,0,,curated,Auto-suggested: similar to 'installment' (score: 0.787)
witheld,5,5,0,,curated,Auto-suggested: similar to 'withheld' (score: 0.700)
sals,5,5,0,,curated,Auto-suggested: similar to 'sales' (score: 0.622)
qdiscount,5,5,0,,curated,Auto-suggested: similar to 'discount' (score: 0.771)
ownership2,5,5,0,,curated,Auto-suggested: similar to 'ownership' (score: 0.779)
wforecast,5,5,0,,curated,Auto-suggested: similar to 'forecast' (score: 0.771)
journals,5,5,0,,curated,Auto-suggested: similar to 'journal' (score: 0.761)
jurnal,5,5,0,,curated,Auto-suggested: similar to 'journal' (score: 0.654)
roting,5,5,0,,curated,Auto-suggested: similar to 'routing' (score: 0.654)
revsion,5,5,0,,curated,Auto-suggested: similar to 'revision' (score: 0.675)
reuired,5,5,0,,curated,Auto-suggested: similar to 'required' (score: 0.658)
remaning,5,5,0,,curated,Auto-suggested: similar to 'remaining' (score: 0.680)
equipmet,5,5,0,,curated,Auto-suggested: similar to 'equipment' (score: 0.668)
purc,4,4,0,,curated,Auto-suggested: similar to 'purch' (score: 0.827)
ven,4,4,0,,curated,Auto-suggested: similar to 'vendor' (score: 0.595)
ter,4,4,0,,curated,Auto-suggested: similar to 'term' (score: 0.790)
assem,4,4,0,,curated,Auto-suggested: similar to 'assembly' (score: 0.689)
train,4,4,0,,curated,Auto-suggested: similar to 'training' (score: 0.715)
quotes,4,4,0,,curated,Auto-suggested: similar to 'quote' (score: 0.731)
reallocation,4,4,0,,curated,Auto-suggested: similar to 'allocation' (score: 0.726)
resourc,4,4,0,,curated,Auto-suggested: similar to 'resource' (score: 0.894)
ownership1,4,4,0,,curated,Auto-suggested: similar to 'ownership' (score: 0.779)
maints,4,4,0,,curated,Auto-suggested: similar to 'maint' (score: 0.731)
fligh,4,4,0,,curated,Auto-suggested: similar to 'flight' (score: 0.851)
remaing,4,4,0,,curated,Auto-suggested: similar to 'remaining' (score: 0.682)
emails,4,4,0,,curated,Auto-suggested: similar to 'email' (score: 0.731)
detail6,4,4,0,,curated,Auto-suggested: similar to 'detail' (score: 0.748)
identiy,4,4,0,,curated,Auto-suggested: similar to 'identity' (score: 0.675)
contra,4,4,0,,curated,Auto-suggested: similar to 'contract' (score: 0.815)
required2,4,4,0,,curated,Auto-suggested: similar to 'required' (score: 0.768)
barcodes,4,4,0,,curated,Auto-suggested: similar to 'barcode' (score: 0.761)
spplier,4,4,0,,curated,Auto-suggested: similar to 'supplier' (score: 0.661)
durations,4,4,0,,curated,Auto-suggested: similar to 'duration' (score: 0.771)
appro,4,4,0,,curated,Auto-suggested: similar to 'approved' (score: 0.689)
leadtime1,4,4,0,,curated,Auto-suggested: similar to 'leadtime' (score: 0.770)
leadtime2,4,4,0,,curated,Auto-suggested: similar to 'leadtime' (score: 0.770)
revision2,4,4,0,,curated,Auto-suggested: similar to 'revision' (score: 0.770)
quntity,4,4,0,,curated,Auto-suggested: similar to 'quantity' (score: 0.661)
buget,4,4,0,,curated,Auto-suggested: similar to 'budget' (score: 0.643)
leger,4,4,0,,curated,Auto-suggested: similar to 'ledger' (score: 0.639)
invoice1,4,4,0,,curated,Auto-suggested: similar to 'invoice' (score: 0.759)
paymet,4,4,0,,curated,Auto-suggested: similar to 'payment' (score: 0.654)
itms,4,4,0,,curated,Auto-suggested: similar to 'items' (score: 0.627)
asst,4,4,0,,curated,Auto-suggested: similar to 'asset' (score: 0.622)
aval,4,4,0,,curated,Auto-suggested: similar to 'avail' (score: 0.622)
busines,4,4,0,,curated,Auto-suggested: similar to 'business' (score: 0.919)
puch,4,4,0,,curated,Auto-suggested: similar to 'purch' (score: 0.627)
crdit,4,4,0,,curated,Auto-suggested: similar to 'credit' (score: 0.643)
border,4,4,0,,curated,Auto-suggested: similar to 'order' (score: 0.728)
transation,4,4,0,,curated,Auto-suggested: similar to 'transaction' (score: 0.675)
xvoucher,4,4,0,,curated,Auto-suggested: similar to 'voucher' (score: 0.761)
currecy,4,4,0,,curated,Auto-suggested: similar to 'currency' (score: 0.658)
oppotunity,4,4,0,,curated,Auto-suggested: similar to 'opportunity' (score: 0.675)
tgross,4,4,0,,curated,Auto-suggested: similar to 'gross' (score: 0.728)
inventry,4,4,0,,curated,Auto-suggested: similar to 'inventory' (score: 0.668)
jtp,4,4,0,,clustered,
calend,3,3,0,,curated,Auto-suggested: similar to 'calendar' (score: 0.800)
cha,3,3,0,,curated,Auto-suggested: similar to 'charge' (score: 0.595)
opport,3,3,0,,curated,Auto-suggested: similar to 'opportunity' (score: 0.627)
ris,3,3,0,,curated,Auto-suggested: similar to 'risk' (score: 0.790)
availble,3,3,0,,curated,Auto-suggested: similar to 'available' (score: 0.680)
detail4,3,3,0,,curated,Auto-suggested: similar to 'detail' (score: 0.748)
detail7,3,3,0,,curated,Auto-suggested: similar to 'detail' (score: 0.748)
detail8,3,3,0,,curated,Auto-suggested: similar to 'detail' (score: 0.748)
detail9,3,3,0,,curated,Auto-suggested: similar to 'detail' (score: 0.748)
crt,3,3,0,,curated,Auto-suggested: similar to 'cert' (score: 0.602)
sales3,3,3,0,,curated,Auto-suggested: similar to 'sales' (score: 0.728)
sales6,3,3,0,,curated,Auto-suggested: similar to 'sales' (score: 0.728)
quantity2,3,3,0,,curated,Auto-suggested: similar to 'quantity' (score: 0.770)
identityx,3,3,0,,curated,Auto-suggested: similar to 'identity' (score: 0.768)
reseved,3,3,0,,curated,Auto-suggested: similar to 'reserved' (score: 0.675)
sheduled,3,3,0,,curated,Auto-suggested: similar to 'scheduled' (score: 0.666)
sipment,3,3,0,,curated,Auto-suggested: similar to 'shipment' (score: 0.662)
arriv,3,3,0,,curated,Auto-suggested: similar to 'arrival' (score: 0.771)
prelease,3,3,0,,curated,Auto-suggested: similar to 'release' (score: 0.757)
order2,3,3,0,,curated,Auto-suggested: similar to 'order' (score: 0.728)
uprice,3,3,0,,curated,Auto-suggested: similar to 'price' (score: 0.731)
allowed2,3,3,0,,curated,Auto-suggested: similar to 'allowed' (score: 0.759)
mes,3,3,0,,curated,Auto-suggested: similar to 'meas' (score: 0.602)
cactivity,3,3,0,,curated,Auto-suggested: similar to 'activity' (score: 0.782)
scraps,3,3,0,,curated,Auto-suggested: similar to 'scrap' (score: 0.748)
forecst,3,3,0,,curated,Auto-suggested: similar to 'forecast' (score: 0.662)
project1,3,3,0,,curated,Auto-suggested: similar to 'project' (score: 0.761)
stmp,3,3,0,,curated,Auto-suggested: similar to 'stamp' (score: 0.627)
avoucher,3,3,0,,curated,Auto-suggested: similar to 'voucher' (score: 0.761)
trans2,3,3,0,,curated,Auto-suggested: similar to 'trans' (score: 0.731)
bcomplete,3,3,0,,curated,Auto-suggested: similar to 'complete' (score: 0.770)
manuf2,3,3,0,,curated,Auto-suggested: similar to 'manuf' (score: 0.731)
documento,3,3,0,,curated,Auto-suggested: similar to 'document' (score: 0.782)
period2,3,3,0,,curated,Auto-suggested: similar to 'period' (score: 0.748)
serviced,3,3,0,,curated,Auto-suggested: similar to 'service' (score: 0.759)
avails,3,3,0,,curated,Auto-suggested: similar to 'avail' (score: 0.728)
leased,3,3,0,,curated,Auto-suggested: similar to 'lease' (score: 0.728)
lese,3,3,0,,curated,Auto-suggested: similar to 'lease' (score: 0.622)
posting1,3,3,0,,curated,Auto-suggested: similar to 'posting' (score: 0.761)
posting2,3,3,0,,curated,Auto-suggested: similar to 'posting' (score: 0.761)
leases,3,3,0,,curated,Auto-suggested: similar to 'lease' (score: 0.748)
revison,3,3,0,,curated,Auto-suggested: similar to 'revision' (score: 0.675)
requred,3,3,0,,curated,Auto-suggested: similar to 'required' (score: 0.658)
discount2,3,3,0,,curated,Auto-suggested: similar to 'discount' (score: 0.771)
liablity,3,3,0,,curated,Auto-suggested: similar to 'liability' (score: 0.680)
voucer,3,3,0,,curated,Auto-suggested: similar to 'voucher' (score: 0.654)
jte,3,3,0,,clustered,
fap,3,3,0,,clustered,
rder,2,2,0,,curated,Auto-suggested: similar to 'order' (score: 0.822)
bit,2,2,0,,curated,Auto-suggested: similar to 'debit' (score: 0.675)
sho,2,2,0,,curated,Auto-suggested: similar to 'shop' (score: 0.790)
items2,2,2,0,,curated,Auto-suggested: similar to 'items' (score: 0.731)
mea,2,2,0,,curated,Auto-suggested: similar to 'meas' (score: 0.790)
ordersp,2,2,0,,curated,Auto-suggested: similar to 'orders' (score: 0.746)
deli,2,2,0,,curated,Auto-suggested: similar to 'deliv' (score: 0.827)
competenc,2,2,0,,curated,Auto-suggested: similar to 'competency' (score: 0.897)
mait,2,2,0,,curated,Auto-suggested: similar to 'maint' (score: 0.627)
reservd,2,2,0,,curated,Auto-suggested: similar to 'reserved' (score: 0.675)
requisiton,2,2,0,,curated,Auto-suggested: similar to 'requisition' (score: 0.688)
whours,2,2,0,,curated,Auto-suggested: similar to 'hours' (score: 0.731)
stucture,2,2,0,,curated,Auto-suggested: similar to 'structure' (score: 0.680)
plned,2,2,0,,curated,Auto-suggested: similar to 'planned' (score: 0.596)
sserial,2,2,0,,curated,Auto-suggested: similar to 'serial' (score: 0.791)
unreservation,2,2,0,,curated,Auto-suggested: similar to 'reservation' (score: 0.746)
structue,2,2,0,,curated,Auto-suggested: similar to 'structure' (score: 0.680)
tans,2,2,0,,curated,Auto-suggested: similar to 'trans' (score: 0.627)
addresss,2,2,0,,curated,Auto-suggested: similar to 'address' (score: 0.824)
modl,2,2,0,,curated,Auto-suggested: similar to 'model' (score: 0.627)
avai,2,2,0,,curated,Auto-suggested: similar to 'avail' (score: 0.822)
scrapped3,2,2,0,,curated,Auto-suggested: similar to 'scrapped' (score: 0.770)
approv,2,2,0,,curated,Auto-suggested: similar to 'approved' (score: 0.786)
pcontract,2,2,0,,curated,Auto-suggested: similar to 'contract' (score: 0.768)
relase,2,2,0,,curated,Auto-suggested: similar to 'release' (score: 0.668)
employ,2,2,0,,curated,Auto-suggested: similar to 'employee' (score: 0.815)
routng,2,2,0,,curated,Auto-suggested: similar to 'routing' (score: 0.654)
dprice,2,2,0,,curated,Auto-suggested: similar to 'price' (score: 0.731)
quotet,2,2,0,,curated,Auto-suggested: similar to 'quote' (score: 0.748)
fquantity,2,2,0,,curated,Auto-suggested: similar to 'quantity' (score: 0.770)
cserial,2,2,0,,curated,Auto-suggested: similar to 'serial' (score: 0.748)
purchases,2,2,0,,curated,Auto-suggested: similar to 'purchase' (score: 0.782)
duration1,2,2,0,,curated,Auto-suggested: similar to 'duration' (score: 0.771)
duration2,2,2,0,,curated,Auto-suggested: similar to 'duration' (score: 0.771)
duration3,2,2,0,,curated,Auto-suggested: similar to 'duration' (score: 0.771)
duration4,2,2,0,,curated,Auto-suggested: similar to 'duration' (score: 0.771)
duration5,2,2,0,,curated,Auto-suggested: similar to 'duration' (score: 0.771)
duration6,2,2,0,,curated,Auto-suggested: similar to 'duration' (score: 0.771)
duration7,2,2,0,,curated,Auto-suggested: similar to 'duration' (score: 0.771)
duration8,2,2,0,,curated,Auto-suggested: similar to 'duration' (score: 0.771)
duration9,2,2,0,,curated,Auto-suggested: similar to 'duration' (score: 0.771)
revenues,2,2,0,,curated,Auto-suggested: similar to 'revenue' (score: 0.757)
accounting3,2,2,0,,curated,Auto-suggested: similar to 'accounting' (score: 0.784)
release2,2,2,0,,curated,Auto-suggested: similar to 'release' (score: 0.757)
revision1,2,2,0,,curated,Auto-suggested: similar to 'revision' (score: 0.770)
licens,2,2,0,,curated,Auto-suggested: similar to 'license' (score: 0.883)
amout,2,2,0,,curated,Auto-suggested: similar to 'amount' (score: 0.643)
hop,2,2,0,,curated,Auto-suggested: similar to 'shop' (score: 0.790)
structures2,2,2,0,,curated,Auto-suggested: similar to 'structure' (score: 0.724)
customer3,2,2,0,,curated,Auto-suggested: similar to 'customer' (score: 0.771)
customer6,2,2,0,,curated,Auto-suggested: similar to 'customer' (score: 0.771)
cotact,2,2,0,,curated,Auto-suggested: similar to 'contact' (score: 0.648)
aaccounting,2,2,0,,curated,Auto-suggested: similar to 'accounting' (score: 0.813)
order1,2,2,0,,curated,Auto-suggested: similar to 'order' (score: 0.728)
currncy,2,2,0,,curated,Auto-suggested: similar to 'currency' (score: 0.658)
idenity,2,2,0,,curated,Auto-suggested: similar to 'identity' (score: 0.675)
peron,2,2,0,,curated,Auto-suggested: similar to 'person' (score: 0.643)
invnt,2,2,0,,curated,Auto-suggested: similar to 'invent' (score: 0.639)
bprice,2,2,0,,curated,Auto-suggested: similar to 'price' (score: 0.731)
agrement,2,2,0,,curated,Auto-suggested: similar to 'agreement' (score: 0.702)
assortmet,2,2,0,,curated,Auto-suggested: similar to 'assortment' (score: 0.672)
requsition,2,2,0,,curated,Auto-suggested: similar to 'requisition' (score: 0.688)
assemb,2,2,0,,curated,Auto-suggested: similar to 'assembly' (score: 0.786)
shift1,2,2,0,,curated,Auto-suggested: similar to 'shift' (score: 0.731)
forec,2,2,0,,curated,Auto-suggested: similar to 'forecast' (score: 0.695)
deivery,2,2,0,,curated,Auto-suggested: similar to 'delivery' (score: 0.661)
invoice3,2,2,0,,curated,Auto-suggested: similar to 'invoice' (score: 0.759)
alloction,2,2,0,,curated,Auto-suggested: similar to 'allocation' (score: 0.684)
anlysis,2,2,0,,curated,Auto-suggested: similar to 'analysis' (score: 0.675)
perid,2,2,0,,curated,Auto-suggested: similar to 'period' (score: 0.643)
unavailability,2,2,0,,curated,Auto-suggested: similar to 'availability' (score: 0.740)
scredit,2,2,0,,curated,Auto-suggested: similar to 'credit' (score: 0.748)
volumes,2,2,0,,curated,Auto-suggested: similar to 'volume' (score: 0.748)
documnt,2,2,0,,curated,Auto-suggested: similar to 'document' (score: 0.662)
purchaser,2,2,0,,curated,Auto-suggested: similar to 'purchase' (score: 0.782)
ddr,2,2,0,,curated,Auto-suggested: similar to 'addr' (score: 0.781)
identity5,2,2,0,,curated,Auto-suggested: similar to 'identity' (score: 0.768)
volume2,2,2,0,,curated,Auto-suggested: similar to 'volume' (score: 0.748)
labors,2,2,0,,curated,Auto-suggested: similar to 'labor' (score: 0.731)
calendarx,2,2,0,,curated,Auto-suggested: similar to 'calendar' (score: 0.770)
availabilty,2,2,0,,curated,Auto-suggested: similar to 'availability' (score: 0.690)
jtr,2,2,0,,clustered,
projec,1,1,0,,curated,Auto-suggested: similar to 'project' (score: 0.868)
transac,1,1,0,,curated,Auto-suggested: similar to 'transaction' (score: 0.715)
rat,1,1,0,,curated,Auto-suggested: similar to 'rate' (score: 0.790)
postin,1,1,0,,curated,Auto-suggested: similar to 'posting' (score: 0.868)
suppli,1,1,0,,curated,Auto-suggested: similar to 'supplier' (score: 0.786)
estim,1,1,0,,curated,Auto-suggested: similar to 'estimate' (score: 0.715)
edge,1,1,0,,curated,Auto-suggested: similar to 'ledger' (score: 0.587)
sche,1,1,0,,curated,Auto-suggested: similar to 'sched' (score: 0.827)
quota,1,1,0,,curated,Auto-suggested: similar to 'quotation' (score: 0.656)
cata,1,1,0,,curated,Auto-suggested: similar to 'catalog' (score: 0.645)
connec,1,1,0,,curated,Auto-suggested: similar to 'connection' (score: 0.682)
dura,1,1,0,,curated,Auto-suggested: similar to 'duration' (score: 0.595)
routin,1,1,0,,curated,Auto-suggested: similar to 'routing' (score: 0.868)
ava,1,1,0,,curated,Auto-suggested: similar to 'avail' (score: 0.665)
comple,1,1,0,,curated,Auto-suggested: similar to 'complete' (score: 0.825)
contac,1,1,0,,curated,Auto-suggested: similar to 'contact' (score: 0.883)
rap,1,1,0,,curated,Auto-suggested: similar to 'scrap' (score: 0.675)
fli,1,1,0,,curated,Auto-suggested: similar to 'flight' (score: 0.595)
pai,1,1,0,,curated,Auto-suggested: similar to 'paid' (score: 0.790)
arri,1,1,0,,curated,Auto-suggested: similar to 'arrival' (score: 0.655)
autho,1,1,0,,curated,Auto-suggested: similar to 'authorize' (score: 0.640)
amounts2,1,1,0,,curated,Auto-suggested: similar to 'amounts' (score: 0.761)
buye,1,1,0,,curated,Auto-suggested: similar to 'buyer' (score: 0.827)
scrapp,1,1,0,,curated,Auto-suggested: similar to 'scrapped' (score: 0.786)
tansaction,1,1,0,,curated,Auto-suggested: similar to 'transaction' (score: 0.675)
contrac,1,1,0,,curated,Auto-suggested: similar to 'contract' (score: 0.894)
totalt,1,1,0,,curated,Auto-suggested: similar to 'total' (score: 0.748)
primay,1,1,0,,curated,Auto-suggested: similar to 'primary' (score: 0.668)
installe,1,1,0,,curated,Auto-suggested: similar to 'installment' (score: 0.587)
serials1,1,1,0,,curated,Auto-suggested: similar to 'serials' (score: 0.759)
stamp2,1,1,0,,curated,Auto-suggested: similar to 'stamp' (score: 0.731)
detail3,1,1,0,,curated,Auto-suggested: similar to 'detail' (score: 0.748)
detail5,1,1,0,,curated,Auto-suggested: similar to 'detail' (score: 0.748)
acation,1,1,0,,curated,Auto-suggested: similar to 'allocation' (score: 0.593)
releases,1,1,0,,curated,Auto-suggested: similar to 'release' (score: 0.774)
crrency,1,1,0,,curated,Auto-suggested: similar to 'currency' (score: 0.658)
crw,1,1,0,,curated,Auto-suggested: similar to 'crew' (score: 0.602)
ask,1,1,0,,curated,Auto-suggested: similar to 'task' (score: 0.790)
che,1,1,0,,curated,Auto-suggested: similar to 'sched' (score: 0.555)
mal,1,1,0,,curated,Auto-suggested: similar to 'mail' (score: 0.602)
servic,1,1,0,,curated,Auto-suggested: similar to 'service' (score: 0.883)
connection1,1,1,0,,curated,Auto-suggested: similar to 'connection' (score: 0.781)
prce,1,1,0,,curated,Auto-suggested: similar to 'price' (score: 0.627)
recei,1,1,0,,curated,Auto-suggested: similar to 'receive' (score: 0.771)
ownerships,1,1,0,,curated,Auto-suggested: similar to 'ownership' (score: 0.789)
catag,1,1,0,,curated,Auto-suggested: similar to 'catalog' (score: 0.580)
order0,1,1,0,,curated,Auto-suggested: similar to 'order' (score: 0.728)
scraped,1,1,0,,curated,Auto-suggested: similar to 'scrapped' (score: 0.700)
ddiscount,1,1,0,,curated,Auto-suggested: similar to 'discount' (score: 0.805)
invet,1,1,0,,curated,Auto-suggested: similar to 'invent' (score: 0.659)
lne,1,1,0,,curated,Auto-suggested: similar to 'line' (score: 0.602)
vendors,1,1,0,,curated,Auto-suggested: similar to 'vendor' (score: 0.748)
suppy,1,1,0,,curated,Auto-suggested: similar to 'supply' (score: 0.639)
recep,1,1,0,,curated,Auto-suggested: similar to 'receipt' (score: 0.551)
transacion,1,1,0,,curated,Auto-suggested: similar to 'transaction' (score: 0.688)
accounting2,1,1,0,,curated,Auto-suggested: similar to 'accounting' (score: 0.784)
manger,1,1,0,,curated,Auto-suggested: similar to 'manager' (score: 0.668)
customer1,1,1,0,,curated,Auto-suggested: similar to 'customer' (score: 0.771)
delvery,1,1,0,,curated,Auto-suggested: similar to 'delivery' (score: 0.661)
projct,1,1,0,,curated,Auto-suggested: similar to 'project' (score: 0.654)
scrapped2,1,1,0,,curated,Auto-suggested: similar to 'scrapped' (score: 0.770)
bok,1,1,0,,curated,Auto-suggested: similar to 'book' (score: 0.677)
agreem,1,1,0,,curated,Auto-suggested: similar to 'agreement' (score: 0.731)
alternative2,1,1,0,,curated,Auto-suggested: similar to 'alternative' (score: 0.788)
oder,1,1,0,,curated,Auto-suggested: similar to 'order' (score: 0.647)
payers,1,1,0,,curated,Auto-suggested: similar to 'payer' (score: 0.731)
transaction1,1,1,0,,curated,Auto-suggested: similar to 'transaction' (score: 0.788)
pidentity,1,1,0,,curated,Auto-suggested: similar to 'identity' (score: 0.768)
aamount,1,1,0,,curated,Auto-suggested: similar to 'amount' (score: 0.791)
trans1,1,1,0,,curated,Auto-suggested: similar to 'trans' (score: 0.731)
trans3,1,1,0,,curated,Auto-suggested: similar to 'trans' (score: 0.731)
trans4,1,1,0,,curated,Auto-suggested: similar to 'trans' (score: 0.731)
orders2,1,1,0,,curated,Auto-suggested: similar to 'orders' (score: 0.746)
order3,1,1,0,,curated,Auto-suggested: similar to 'order' (score: 0.728)
order4,1,1,0,,curated,Auto-suggested: similar to 'order' (score: 0.728)
invoiced3,1,1,0,,curated,Auto-suggested: similar to 'invoiced' (score: 0.770)
invoiced1,1,1,0,,curated,Auto-suggested: similar to 'invoiced' (score: 0.770)
amot,1,1,0,,curated,Auto-suggested: similar to 'amount' (score: 0.560)
assortm,1,1,0,,curated,Auto-suggested: similar to 'assortment' (score: 0.757)
cot,1,1,0,,curated,Auto-suggested: similar to 'cost' (score: 0.602)
credit1,1,1,0,,curated,Auto-suggested: similar to 'credit' (score: 0.748)
assortmt,1,1,0,,curated,Auto-suggested: similar to 'assortment' (score: 0.622)
delivs,1,1,0,,curated,Auto-suggested: similar to 'deliv' (score: 0.731)
receives,1,1,0,,curated,Auto-suggested: similar to 'receive' (score: 0.757)
charg,1,1,0,,curated,Auto-suggested: similar to 'charge' (score: 0.851)
qavail,1,1,0,,curated,Auto-suggested: similar to 'avail' (score: 0.728)
labr,1,1,0,,curated,Auto-suggested: similar to 'labor' (score: 0.627)
avaiability,1,1,0,,curated,Auto-suggested: similar to 'availability' (score: 0.690)
activity1,1,1,0,,curated,Auto-suggested: similar to 'activity' (score: 0.768)
activity2,1,1,0,,curated,Auto-suggested: similar to 'activity' (score: 0.768)
phases,1,1,0,,curated,Auto-suggested: similar to 'phase' (score: 0.748)
shift2,1,1,0,,curated,Auto-suggested: similar to 'shift' (score: 0.731)
shift3,1,1,0,,curated,Auto-suggested: similar to 'shift' (score: 0.731)
supplier1,1,1,0,,curated,Auto-suggested: similar to 'supplier' (score: 0.770)
scheuling,1,1,0,,curated,Auto-suggested: similar to 'scheduling' (score: 0.674)
instlmnt,1,1,0,,curated,Auto-suggested: similar to 'installment' (score: 0.557)
detl,1,1,0,,curated,Auto-suggested: similar to 'detail' (score: 0.560)
dicount,1,1,0,,curated,Auto-suggested: similar to 'discount' (score: 0.662)
liabilty,1,1,0,,curated,Auto-suggested: similar to 'liability' (score: 0.680)
volu,1,1,0,,curated,Auto-suggested: similar to 'volume' (score: 0.727)
transa,1,1,0,,curated,Auto-suggested: similar to 'trans' (score: 0.748)
ininventory,1,1,0,,curated,Auto-suggested: similar to 'inventory' (score: 0.775)
capacit,1,1,0,,curated,Auto-suggested: similar to 'capacity' (score: 0.877)
capaci,1,1,0,,curated,Auto-suggested: similar to 'capacity' (score: 0.781)
approvd,1,1,0,,curated,Auto-suggested: similar to 'approved' (score: 0.661)
tranaction,1,1,0,,curated,Auto-suggested: similar to 'transaction' (score: 0.675)
servi,1,1,0,,curated,Auto-suggested: similar to 'service' (score: 0.775)
eli,1,1,0,,curated,Auto-suggested: similar to 'deliv' (score: 0.555)
conection,1,1,0,,curated,Auto-suggested: similar to 'connection' (score: 0.704)
deallocation,1,1,0,,curated,Auto-suggested: similar to 'allocation' (score: 0.726)
satement,1,1,0,,curated,Auto-suggested: similar to 'statement' (score: 0.680)
preserved,1,1,0,,curated,Auto-suggested: similar to 'reserved' (score: 0.766)
isavailable,1,1,0,,curated,Auto-suggested: similar to 'available' (score: 0.724)
kill,1,1,0,,curated,Auto-suggested: similar to 'skill' (score: 0.822)
ials,1,1,0,,curated,Auto-suggested: similar to 'serials' (score: 0.662)
projectn,1,1,0,,curated,Auto-suggested: similar to 'project' (score: 0.761)
account2,1,1,0,,curated,Auto-suggested: similar to 'account' (score: 0.759)
liabiity,1,1,0,,curated,Auto-suggested: similar to 'liability' (score: 0.680)
interests,1,1,0,,curated,Auto-suggested: similar to 'interest' (score: 0.782)
recived,1,1,0,,curated,Auto-suggested: similar to 'received' (score: 0.675)
icredit,1,1,0,,curated,Auto-suggested: similar to 'credit' (score: 0.763)
transporter,1,1,0,,curated,Auto-suggested: similar to 'transport' (score: 0.726)
freights,1,1,0,,curated,Auto-suggested: similar to 'freight' (score: 0.761)
modelo,1,1,0,,curated,Auto-suggested: similar to 'model' (score: 0.748)
addrss,1,1,0,,curated,Auto-suggested: similar to 'address' (score: 0.648)
transports,1,1,0,,curated,Auto-suggested: similar to 'transport' (score: 0.789)
emis,1,1,0,,curated,Auto-suggested: similar to 'emission' (score: 0.612)
router,1,1,0,,curated,Auto-suggested: similar to 'route' (score: 0.748)
document2,1,1,0,,curated,Auto-suggested: similar to 'document' (score: 0.771)
vocher,1,1,0,,curated,Auto-suggested: similar to 'voucher' (score: 0.654)
tras,1,1,0,,curated,Auto-suggested: similar to 'trans' (score: 0.627)
btch,1,1,0,,curated,Auto-suggested: similar to 'batch' (score: 0.627)
price2,1,1,0,,curated,Auto-suggested: similar to 'price' (score: 0.731)
postng,1,1,0,,curated,Auto-suggested: similar to 'posting' (score: 0.654)
isupply,1,1,0,,curated,Auto-suggested: similar to 'supply' (score: 0.746)
cutomer,1,1,0,,curated,Auto-suggested: similar to 'customer' (score: 0.662)
cmponent,1,1,0,,curated,Auto-suggested: similar to 'component' (score: 0.680)
availabe,1,1,0,,curated,Auto-suggested: similar to 'available' (score: 0.680)
allocation2,1,1,0,,curated,Auto-suggested: similar to 'allocation' (score: 0.782)
jtt,1,1,0,,clustered,
jtc,1,1,0,,clustered,
wfa,1,1,0,,clustered,
fwo,1,1,0,,clustered,
wo1,1,1,0,,clustered,
fav,1,1,0,,clustered,
bpo,1,1,0,,clustered,
